{
  "IcoMoonType": "selection",
  "icons": [
    {
      "icon": {
        "paths": [
          "M1024 512c0 282.77-229.23 512-512 512s-512-229.23-512-512c0-282.77 229.23-512 512-512s512 229.23 512 512z"
        ],
        "attrs": [
          {
            "fill": "rgb(210, 209, 209)"
          }
        ],
        "isMulticolor": false,
        "isMulticolor2": false,
        "grid": 0,
        "tags": [
          "Ellipse70"
        ],
        "colorPermutations": {
          "19412812102092091": [
            {
              "f": 1
            }
          ]
        }
      },
      "attrs": [
        {
          "fill": "rgb(210, 209, 209)"
        }
      ],
      "properties": {
        "order": 29,
        "id": 2,
        "name": "Ellipse70",
        "prevSize": 32
      },
      "setIdx": 0,
      "setId": 4,
      "iconIdx": 0
    },
    {
      "icon": {
        "paths": [
          "M1024 512c0 282.77-229.23 512-512 512s-512-229.23-512-512c0-282.77 229.23-512 512-512s512 229.23 512 512z"
        ],
        "attrs": [
          {
            "fill": "rgb(0, 194, 128)"
          }
        ],
        "isMulticolor": false,
        "isMulticolor2": false,
        "grid": 0,
        "tags": [
          "Ellipse72"
        ],
        "colorPermutations": {
          "19412812102092091": [
            {
              "f": 0
            }
          ]
        }
      },
      "attrs": [
        {
          "fill": "rgb(0, 194, 128)"
        }
      ],
      "properties": {
        "order": 28,
        "id": 1,
        "name": "Ellipse72",
        "prevSize": 32
      },
      "setIdx": 0,
      "setId": 4,
      "iconIdx": 1
    },
    {
      "icon": {
        "paths": [
          "M1126.4 512c0 282.77-252.153 512-563.2 512s-563.2-229.23-563.2-512c0-282.77 252.153-512 563.2-512s563.2 229.23 563.2 512z"
        ],
        "attrs": [
          {
            "fill": "rgb(210, 209, 209)"
          }
        ],
        "width": 1126,
        "isMulticolor": false,
        "isMulticolor2": false,
        "grid": 0,
        "tags": [
          "Ellipse73"
        ],
        "colorPermutations": {
          "19412812102092091": [
            {
              "f": 1
            }
          ]
        }
      },
      "attrs": [
        {
          "fill": "rgb(210, 209, 209)"
        }
      ],
      "properties": {
        "order": 27,
        "id": 0,
        "name": "Ellipse73",
        "prevSize": 32
      },
      "setIdx": 0,
      "setId": 4,
      "iconIdx": 2
    },
    {
      "icon": {
        "paths": [
          "M1828.096 548.096c9.201-9.255 14.889-22.011 14.889-36.096s-5.687-26.842-14.891-36.098l0.002 0.002-325.376-325.888c-9.271-9.271-22.078-15.004-36.224-15.004-28.293 0-51.228 22.936-51.228 51.228 0 14.146 5.734 26.953 15.004 36.224l289.28 289.536-289.536 289.536c-9.271 9.271-15.004 22.078-15.004 36.224 0 28.293 22.936 51.228 51.228 51.228 14.146 0 26.953-5.734 36.224-15.004l0-0 325.376-325.888zM192 563.2h1600v-102.4h-1600v102.4z"
        ],
        "attrs": [
          {
            "fill": "rgb(255, 255, 255)"
          }
        ],
        "width": 2048,
        "isMulticolor": false,
        "isMulticolor2": false,
        "grid": 0,
        "tags": [
          "Arrow1m"
        ],
        "colorPermutations": {
          "111755251111756255111854254113625411372531194128124818824124852961250521011254195212551950125519511255255255145831": [
            {
              "f": 14
            }
          ]
        }
      },
      "attrs": [
        {
          "fill": "rgb(255, 255, 255)"
        }
      ],
      "properties": {
        "order": 9,
        "id": 17,
        "name": "Arrow1m",
        "prevSize": 32
      },
      "setIdx": 1,
      "setId": 3,
      "iconIdx": 0
    },
    {
      "icon": {
        "paths": [
          "M6948.096 548.096c9.201-9.255 14.889-22.011 14.889-36.096s-5.687-26.842-14.891-36.098l0.002 0.002-325.376-325.888c-9.271-9.271-22.078-15.004-36.224-15.004-28.293 0-51.228 22.936-51.228 51.228 0 14.146 5.734 26.953 15.004 36.224l289.28 289.536-289.536 289.536c-9.271 9.271-15.004 22.078-15.004 36.224 0 28.293 22.936 51.228 51.228 51.228 14.146 0 26.953-5.734 36.224-15.004l325.632-325.888zM0 563.2h6912v-102.4h-6912v102.4z"
        ],
        "attrs": [
          {}
        ],
        "width": 7168,
        "isMulticolor": false,
        "isMulticolor2": false,
        "grid": 0,
        "tags": [
          "Arrow4m"
        ],
        "colorPermutations": {
          "111755251111756255111854254113625411372531194128124818824124852961250521011254195212551950125519511255255255145831": [
            {}
          ]
        }
      },
      "attrs": [
        {}
      ],
      "properties": {
        "order": 10,
        "id": 16,
        "name": "Arrow4m",
        "prevSize": 32
      },
      "setIdx": 1,
      "setId": 3,
      "iconIdx": 1
    },
    {
      "icon": {
        "paths": [
          "M863.915 527.019c0 238.155-193.063 431.218-431.218 431.218s-431.218-193.063-431.218-431.218c0-238.155 193.063-431.218 431.218-431.218s431.218 193.063 431.218 431.218z"
        ],
        "attrs": [
          {
            "fill": "rgb(248, 52, 96)"
          }
        ],
        "width": 910,
        "isMulticolor": false,
        "isMulticolor2": false,
        "grid": 0,
        "tags": [
          "Ellipse11m"
        ],
        "colorPermutations": {
          "111755251111756255111854254113625411372531194128124818824124852961250521011254195212551950125519511255255255145831": [
            {
              "f": 9
            }
          ]
        }
      },
      "attrs": [
        {
          "fill": "rgb(248, 52, 96)"
        }
      ],
      "properties": {
        "order": 11,
        "id": 15,
        "name": "Ellipse11m",
        "prevSize": 32
      },
      "setIdx": 1,
      "setId": 3,
      "iconIdx": 2
    },
    {
      "icon": {
        "paths": [
          "M863.004 527.019c0 238.155-193.063 431.218-431.218 431.218s-431.218-193.063-431.218-431.218c0-238.155 193.063-431.218 431.218-431.218s431.218 193.063 431.218 431.218z"
        ],
        "attrs": [
          {
            "fill": "rgb(0, 194, 128)"
          }
        ],
        "width": 910,
        "isMulticolor": false,
        "isMulticolor2": false,
        "grid": 0,
        "tags": [
          "Ellipse12m"
        ],
        "colorPermutations": {
          "111755251111756255111854254113625411372531194128124818824124852961250521011254195212551950125519511255255255145831": [
            {
              "f": 2
            }
          ]
        }
      },
      "attrs": [
        {
          "fill": "rgb(0, 194, 128)"
        }
      ],
      "properties": {
        "order": 12,
        "id": 14,
        "name": "Ellipse12m",
        "prevSize": 32
      },
      "setIdx": 1,
      "setId": 3,
      "iconIdx": 3
    },
    {
      "icon": {
        "paths": [
          "M864.711 527.019c0 238.155-193.063 431.218-431.218 431.218s-431.218-193.063-431.218-431.218c0-238.155 193.063-431.218 431.218-431.218s431.218 193.063 431.218 431.218z"
        ],
        "attrs": [
          {
            "fill": "rgb(254, 195, 2)"
          }
        ],
        "width": 910,
        "isMulticolor": false,
        "isMulticolor2": false,
        "grid": 0,
        "tags": [
          "Ellipse13m"
        ],
        "colorPermutations": {
          "111755251111756255111854254113625411372531194128124818824124852961250521011254195212551950125519511255255255145831": [
            {
              "f": 3
            }
          ]
        }
      },
      "attrs": [
        {
          "fill": "rgb(254, 195, 2)"
        }
      ],
      "properties": {
        "order": 13,
        "id": 13,
        "name": "Ellipse13m",
        "prevSize": 32
      },
      "setIdx": 1,
      "setId": 3,
      "iconIdx": 4
    },
    {
      "icon": {
        "paths": [
          "M865.621 527.019c0 238.155-193.063 431.218-431.218 431.218s-431.218-193.063-431.218-431.218c0-238.155 193.063-431.218 431.218-431.218s431.218 193.063 431.218 431.218z"
        ],
        "attrs": [
          {
            "fill": "rgb(0, 136, 254)"
          }
        ],
        "width": 910,
        "isMulticolor": false,
        "isMulticolor2": false,
        "grid": 0,
        "tags": [
          "Ellipse14m"
        ],
        "colorPermutations": {
          "111755251111756255111854254113625411372531194128124818824124852961250521011254195212551950125519511255255255145831": [
            {
              "f": 4
            }
          ]
        }
      },
      "attrs": [
        {
          "fill": "rgb(0, 136, 254)"
        }
      ],
      "properties": {
        "order": 14,
        "id": 12,
        "name": "Ellipse14m",
        "prevSize": 32
      },
      "setIdx": 1,
      "setId": 3,
      "iconIdx": 5
    },
    {
      "icon": {
        "paths": [
          "M866.418 527.019c0 238.155-193.063 431.218-431.218 431.218s-431.218-193.063-431.218-431.218c0-238.155 193.063-431.218 431.218-431.218s431.218 193.063 431.218 431.218z"
        ],
        "attrs": [
          {
            "fill": "rgb(117, 55, 251)"
          }
        ],
        "width": 910,
        "isMulticolor": false,
        "isMulticolor2": false,
        "grid": 0,
        "tags": [
          "Ellipse15m"
        ],
        "colorPermutations": {
          "111755251111756255111854254113625411372531194128124818824124852961250521011254195212551950125519511255255255145831": [
            {
              "f": 11
            }
          ]
        }
      },
      "attrs": [
        {
          "fill": "rgb(117, 55, 251)"
        }
      ],
      "properties": {
        "order": 15,
        "id": 11,
        "name": "Ellipse15m",
        "prevSize": 32
      },
      "setIdx": 1,
      "setId": 3,
      "iconIdx": 6
    },
    {
      "icon": {
        "paths": [
          "M867.214 527.019c0 238.155-193.063 431.218-431.218 431.218s-431.218-193.063-431.218-431.218c0-238.155 193.063-431.218 431.218-431.218s431.218 193.063 431.218 431.218z"
        ],
        "attrs": [
          {
            "fill": "rgb(0, 45, 83)"
          }
        ],
        "width": 910,
        "isMulticolor": false,
        "isMulticolor2": false,
        "grid": 0,
        "tags": [
          "Ellipse16m"
        ],
        "colorPermutations": {
          "111755251111756255111854254113625411372531194128124818824124852961250521011254195212551950125519511255255255145831": [
            {
              "f": 1
            }
          ]
        }
      },
      "attrs": [
        {
          "fill": "rgb(0, 45, 83)"
        }
      ],
      "properties": {
        "order": 16,
        "id": 10,
        "name": "Ellipse16m",
        "prevSize": 32
      },
      "setIdx": 1,
      "setId": 3,
      "iconIdx": 7
    },
    {
      "icon": {
        "paths": [
          "M1015.524 522.297c0 266.463-216.011 482.475-482.475 482.475s-482.475-216.011-482.475-482.475c0-266.463 216.011-482.475 482.475-482.475s482.475 216.011 482.475 482.475z"
        ],
        "attrs": [
          {
            "fill": "rgb(0, 194, 128)"
          }
        ],
        "isMulticolor": false,
        "isMulticolor2": false,
        "grid": 0,
        "tags": [
          "Ellipse26m"
        ],
        "colorPermutations": {
          "111755251111756255111854254113625411372531194128124818824124852961250521011254195212551950125519511255255255145831": [
            {
              "f": 2
            }
          ]
        }
      },
      "attrs": [
        {
          "fill": "rgb(0, 194, 128)"
        }
      ],
      "properties": {
        "order": 17,
        "id": 9,
        "name": "Ellipse26m",
        "prevSize": 32
      },
      "setIdx": 1,
      "setId": 3,
      "iconIdx": 8
    },
    {
      "icon": {
        "paths": [
          "M1984 32c0 547.866-444.134 992-992 992s-992-444.134-992-992v0h1984z"
        ],
        "attrs": [
          {
            "fill": "rgb(0, 137, 253)"
          }
        ],
        "width": 1984,
        "isMulticolor": false,
        "isMulticolor2": false,
        "grid": 0,
        "tags": [
          "Ellipse44m"
        ],
        "colorPermutations": {
          "111755251111756255111854254113625411372531194128124818824124852961250521011254195212551950125519511255255255145831": [
            {
              "f": 5
            }
          ]
        }
      },
      "attrs": [
        {
          "fill": "rgb(0, 137, 253)"
        }
      ],
      "properties": {
        "order": 18,
        "id": 8,
        "name": "Ellipse44m",
        "prevSize": 32
      },
      "setIdx": 1,
      "setId": 3,
      "iconIdx": 9
    },
    {
      "icon": {
        "paths": [
          "M1024 512c0 282.77-229.23 512-512 512s-512-229.23-512-512c0-282.77 229.23-512 512-512s512 229.23 512 512z"
        ],
        "attrs": [
          {
            "fill": "rgb(248, 188, 24)"
          }
        ],
        "isMulticolor": false,
        "isMulticolor2": false,
        "grid": 0,
        "tags": [
          "Ellipse80m"
        ],
        "colorPermutations": {
          "111755251111756255111854254113625411372531194128124818824124852961250521011254195212551950125519511255255255145831": [
            {
              "f": 8
            }
          ]
        }
      },
      "attrs": [
        {
          "fill": "rgb(248, 188, 24)"
        }
      ],
      "properties": {
        "order": 19,
        "id": 7,
        "name": "Ellipse80m",
        "prevSize": 32
      },
      "setIdx": 1,
      "setId": 3,
      "iconIdx": 10
    },
    {
      "icon": {
        "paths": [
          "M1024 512c0 282.77-229.23 512-512 512s-512-229.23-512-512c0-282.77 229.23-512 512-512s512 229.23 512 512z"
        ],
        "attrs": [
          {
            "fill": "rgb(0, 194, 128)"
          }
        ],
        "isMulticolor": false,
        "isMulticolor2": false,
        "grid": 0,
        "tags": [
          "Ellipse81m"
        ],
        "colorPermutations": {
          "111755251111756255111854254113625411372531194128124818824124852961250521011254195212551950125519511255255255145831": [
            {
              "f": 2
            }
          ]
        }
      },
      "attrs": [
        {
          "fill": "rgb(0, 194, 128)"
        }
      ],
      "properties": {
        "order": 20,
        "id": 6,
        "name": "Ellipse81m",
        "prevSize": 32
      },
      "setIdx": 1,
      "setId": 3,
      "iconIdx": 11
    },
    {
      "icon": {
        "paths": [
          "M1024 512c0 282.77-229.23 512-512 512s-512-229.23-512-512c0-282.77 229.23-512 512-512s512 229.23 512 512z"
        ],
        "attrs": [
          {
            "fill": "rgb(117, 56, 255)"
          }
        ],
        "isMulticolor": false,
        "isMulticolor2": false,
        "grid": 0,
        "tags": [
          "Ellipse82m"
        ],
        "colorPermutations": {
          "111755251111756255111854254113625411372531194128124818824124852961250521011254195212551950125519511255255255145831": [
            {
              "f": 13
            }
          ]
        }
      },
      "attrs": [
        {
          "fill": "rgb(117, 56, 255)"
        }
      ],
      "properties": {
        "order": 21,
        "id": 5,
        "name": "Ellipse82m",
        "prevSize": 32
      },
      "setIdx": 1,
      "setId": 3,
      "iconIdx": 12
    },
    {
      "icon": {
        "paths": [
          "M1024 512c0 282.77-229.23 512-512 512s-512-229.23-512-512c0-282.77 229.23-512 512-512s512 229.23 512 512z"
        ],
        "attrs": [
          {
            "fill": "rgb(248, 52, 96)"
          }
        ],
        "isMulticolor": false,
        "isMulticolor2": false,
        "grid": 0,
        "tags": [
          "Ellipse83m"
        ],
        "colorPermutations": {
          "111755251111756255111854254113625411372531194128124818824124852961250521011254195212551950125519511255255255145831": [
            {
              "f": 9
            }
          ]
        }
      },
      "attrs": [
        {
          "fill": "rgb(248, 52, 96)"
        }
      ],
      "properties": {
        "order": 22,
        "id": 4,
        "name": "Ellipse83m",
        "prevSize": 32
      },
      "setIdx": 1,
      "setId": 3,
      "iconIdx": 13
    },
    {
      "icon": {
        "paths": [
          "M0-792.774h1828.071v1816.774h-1828.071z",
          "M0 19.687h1828.071v101.574h-1828.071zM0 222.803h1828.071v101.574h-1828.071zM0 425.918h1828.071v101.574h-1828.071zM0 629.066h1828.071v101.574h-1828.071zM0 832.149h1828.071v101.574h-1828.071z"
        ],
        "attrs": [
          {
            "fill": "rgb(255, 195, 1)"
          },
          {
            "fill": "rgb(118, 54, 254)"
          }
        ],
        "width": 1817,
        "isMulticolor": true,
        "isMulticolor2": false,
        "grid": 0,
        "tags": [
          "MaskGroupm"
        ],
        "colorPermutations": {
          "111755251111756255111854254113625411372531194128124818824124852961250521011254195212551950125519511255255255145831": [
            {
              "f": 6
            },
            {
              "f": 12
            }
          ]
        }
      },
      "attrs": [
        {
          "fill": "rgb(255, 195, 1)"
        },
        {
          "fill": "rgb(118, 54, 254)"
        }
      ],
      "properties": {
        "order": 23,
        "id": 3,
        "name": "MaskGroupm",
        "prevSize": 32
      },
      "setIdx": 1,
      "setId": 3,
      "iconIdx": 14
    },
    {
      "icon": {
        "paths": [
          "M0 0h2361.259v2346.667h-2361.259z",
          "M0 0h2361.259v131.2h-2361.259zM0 262.357h2361.259v131.2h-2361.259zM0 524.715h2361.259v131.2h-2361.259zM0 787.072h2361.259v131.2h-2361.259z"
        ],
        "attrs": [
          {
            "fill": "rgb(255, 195, 1)"
          },
          {
            "fill": "rgb(118, 54, 254)"
          }
        ],
        "width": 2347,
        "isMulticolor": true,
        "isMulticolor2": false,
        "grid": 0,
        "tags": [
          "MaskGrouptopm"
        ],
        "colorPermutations": {
          "111755251111756255111854254113625411372531194128124818824124852961250521011254195212551950125519511255255255145831": [
            {
              "f": 6
            },
            {
              "f": 12
            }
          ]
        }
      },
      "attrs": [
        {
          "fill": "rgb(255, 195, 1)"
        },
        {
          "fill": "rgb(118, 54, 254)"
        }
      ],
      "properties": {
        "order": 24,
        "id": 2,
        "name": "MaskGrouptopm",
        "prevSize": 32
      },
      "setIdx": 1,
      "setId": 3,
      "iconIdx": 15
    },
    {
      "icon": {
        "paths": [
          "M13.376 63.040h923.904v923.904h-923.904z"
        ],
        "attrs": [
          {
            "fill": "rgb(255, 195, 0)"
          }
        ],
        "width": 960,
        "isMulticolor": false,
        "isMulticolor2": false,
        "grid": 0,
        "tags": [
          "Rectangle28m"
        ],
        "colorPermutations": {
          "111755251111756255111854254113625411372531194128124818824124852961250521011254195212551950125519511255255255145831": [
            {
              "f": 7
            }
          ]
        }
      },
      "attrs": [
        {
          "fill": "rgb(255, 195, 0)"
        }
      ],
      "properties": {
        "order": 25,
        "id": 1,
        "name": "Rectangle28m",
        "prevSize": 32
      },
      "setIdx": 1,
      "setId": 3,
      "iconIdx": 16
    },
    {
      "icon": {
        "paths": [
          "M0 51.2c0 28.277 22.923 51.2 51.2 51.2v0h2560c28.277 0 51.2-22.923 51.2-51.2s-22.923-51.2-51.2-51.2v0h-2560c-28.277 0-51.2 22.923-51.2 51.2v0zM0 358.4c0 28.277 22.923 51.2 51.2 51.2v0h2560c28.277 0 51.2-22.923 51.2-51.2s-22.923-51.2-51.2-51.2v0h-2560c-28.277 0-51.2 22.923-51.2 51.2v0zM2662.4 665.6c0 28.277-22.923 51.2-51.2 51.2v0h-2560c-28.277 0-51.2-22.923-51.2-51.2s22.923-51.2 51.2-51.2v0h2560c28.277 0 51.2 22.923 51.2 51.2v0zM1331.2 972.8c0 28.277 22.923 51.2 51.2 51.2v0h1228.8c28.277 0 51.2-22.923 51.2-51.2s-22.923-51.2-51.2-51.2v0h-1228.8c-28.277 0-51.2 22.923-51.2 51.2v0z",
          "M0 51.2c0 28.277 22.923 51.2 51.2 51.2v0h2560c28.277 0 51.2-22.923 51.2-51.2s-22.923-51.2-51.2-51.2v0h-2560c-28.277 0-51.2 22.923-51.2 51.2v0zM0 358.4c0 28.277 22.923 51.2 51.2 51.2v0h2560c28.277 0 51.2-22.923 51.2-51.2s-22.923-51.2-51.2-51.2v0h-2560c-28.277 0-51.2 22.923-51.2 51.2v0zM2662.4 665.6c0 28.277-22.923 51.2-51.2 51.2v0h-2560c-28.277 0-51.2-22.923-51.2-51.2s22.923-51.2 51.2-51.2v0h2560c28.277 0 51.2 22.923 51.2 51.2v0zM1331.2 972.8c0 28.277 22.923 51.2 51.2 51.2v0h1228.8c28.277 0 51.2-22.923 51.2-51.2s-22.923-51.2-51.2-51.2v0h-1228.8c-28.277 0-51.2 22.923-51.2 51.2v0z"
        ],
        "attrs": [
          {
            "fill": "rgb(250, 52, 101)"
          },
          {
            "fill": "rgb(0, 0, 0)",
            "opacity": 0.2
          }
        ],
        "width": 2662,
        "isMulticolor": true,
        "isMulticolor2": true,
        "grid": 0,
        "tags": [
          "Unionm"
        ],
        "colorPermutations": {
          "111755251111756255111854254113625411372531194128124818824124852961250521011254195212551950125519511255255255145831": [
            {
              "f": 10
            },
            {
              "f": 0
            }
          ]
        }
      },
      "attrs": [
        {
          "fill": "rgb(250, 52, 101)"
        },
        {
          "fill": "rgb(0, 0, 0)",
          "opacity": 0.2
        }
      ],
      "properties": {
        "order": 26,
        "id": 0,
        "name": "Unionm",
        "prevSize": 32
      },
      "setIdx": 1,
      "setId": 3,
      "iconIdx": 17
    }
  ],
  "height": 1024,
  "preferences": {
    "showGlyphs": true,
    "showQuickUse": true,
    "showQuickUse2": true,
    "showSVGs": true,
    "fontPref": {
      "prefix": "icon-",
      "metadata": {
        "fontFamily": "icomoon"
      },
      "metrics": {
        "emSize": 1024,
        "baseline": 6.25,
        "whitespace": 50
      },
      "embed": false
    },
    "imagePref": {
      "prefix": "icon-",
      "png": true,
      "useClassSelector": true,
      "color": 0,
      "bgColor": 16777215,
      "classSelector": ".icon",
      "name": "icomoon"
    },
    "historySize": 50,
    "showCodes": true,
    "gridSize": 16
  }
}